circuit,n,B,step,uvc_setup_ms,uvc_prove_ms,uvc_verify_ms,uvc_crs_g1,uvc_crs_g2,uvc_proof_bytes,uvc_peak_mem_mb,g16_setup_ms,g16_prove_ms,g16_verify_ms,g16_crs_g1,g16_crs_g2,g16_proof_bytes,nova_setup_ms,nova_fold_ms,nova_total_fold_ms,nova_compress_ms,nova_verify_ms,nova_proof_bytes
hadamard,32,16,1,260.80,27.60,4.24,4610,2019,128,7.5,30.57,9.71,4.17,354,98,128,1382.07,31.42,31.42,1099.68,36.86,12512
hadamard,32,16,2,260.80,27.43,4.14,4610,2019,128,7.6,40.74,10.68,4.25,547,162,128,1382.07,53.99,85.41,1099.68,36.86,12512
hadamard,32,16,4,260.80,27.54,4.13,4610,2019,128,7.6,62.74,16.69,4.07,1058,290,128,1382.07,66.63,217.91,1099.68,36.86,12512
hadamard,32,16,8,260.80,27.95,4.21,4610,2019,128,7.6,92.17,23.34,4.06,1954,546,128,1382.07,68.80,491.67,1099.68,36.86,12512
hadamard,32,16,16,260.80,28.31,4.24,4610,2019,128,7.6,154.90,44.41,4.06,3746,1058,128,1382.07,68.24,1041.39,1099.68,36.86,12512
hadamard,32,64,1,788.47,72.30,4.15,18434,8163,128,19.4,30.57,9.71,4.17,354,98,128,1382.07,31.42,31.42,1099.68,36.86,12512
hadamard,32,64,2,788.47,72.47,4.15,18434,8163,128,19.4,40.74,10.68,4.25,547,162,128,1382.07,53.99,85.41,1099.68,36.86,12512
hadamard,32,64,4,788.47,72.66,4.16,18434,8163,128,19.5,62.74,16.69,4.07,1058,290,128,1382.07,66.63,217.91,1099.68,36.86,12512
hadamard,32,64,8,788.47,73.01,4.21,18434,8163,128,19.5,92.17,23.34,4.06,1954,546,128,1382.07,68.80,491.67,1099.68,36.86,12512
hadamard,32,64,16,788.47,73.94,4.16,18434,8163,128,19.5,154.90,44.41,4.06,3746,1058,128,1382.07,68.24,1041.39,1099.68,36.86,12512
hadamard,32,64,32,788.47,76.00,4.16,18434,8163,128,19.5,267.05,91.06,4.05,7330,2082,128,1382.07,67.75,2169.35,1099.68,36.86,12512
hadamard,32,64,64,788.47,75.29,4.15,18434,8163,128,19.5,468.01,179.52,4.04,14498,4130,128,1382.07,68.40,4454.62,1099.68,36.86,12512
hadamard,128,16,1,798.51,82.50,4.40,18434,8067,128,17.9,70.99,23.21,4.46,1410,386,128,1920.40,54.61,54.61,1228.78,43.47,15960
hadamard,128,16,2,798.51,83.28,4.37,18434,8067,128,18.0,107.39,25.86,4.28,2179,642,128,1920.40,92.19,146.80,1228.78,43.47,15960
hadamard,128,16,4,798.51,84.07,4.37,18434,8067,128,18.0,167.81,45.70,4.26,4226,1154,128,1920.40,104.20,356.26,1228.78,43.47,15960
hadamard,128,16,8,798.51,85.76,4.37,18434,8067,128,18.0,276.38,76.55,4.27,7810,2178,128,1920.40,107.61,791.06,1228.78,43.47,15960
hadamard,128,16,16,798.51,85.78,4.38,18434,8067,128,18.0,473.11,133.86,4.27,14978,4226,128,1920.40,105.47,1647.83,1228.78,43.47,15960
hadamard,128,64,1,2785.34,256.75,4.38,73730,32643,128,65.6,70.99,23.21,4.46,1410,386,128,1920.40,54.61,54.61,1228.78,43.47,15960
hadamard,128,64,2,2785.34,257.21,4.38,73730,32643,128,65.6,107.39,25.86,4.28,2179,642,128,1920.40,92.19,146.80,1228.78,43.47,15960
hadamard,128,64,4,2785.34,258.66,4.37,73730,32643,128,65.6,167.81,45.70,4.26,4226,1154,128,1920.40,104.20,356.26,1228.78,43.47,15960
hadamard,128,64,8,2785.34,260.24,4.38,73730,32643,128,65.7,276.38,76.55,4.27,7810,2178,128,1920.40,107.61,791.06,1228.78,43.47,15960
hadamard,128,64,16,2785.34,263.89,4.38,73730,32643,128,65.7,473.11,133.86,4.27,14978,4226,128,1920.40,105.47,1647.83,1228.78,43.47,15960
hadamard,128,64,32,2785.34,270.31,4.38,73730,32643,128,65.7,839.10,301.87,4.26,29314,8322,128,1920.40,105.62,3346.70,1228.78,43.47,15960
hadamard,128,64,64,2785.34,266.21,4.37,73730,32643,128,66.0,1546.92,595.88,4.27,57986,16514,128,1920.40,105.46,6806.97,1228.78,43.47,15960
hadamard,512,16,1,2777.01,294.82,5.31,73730,32259,128,40.8,202.25,76.98,5.21,5634,1538,128,2240.85,126.78,126.78,1767.92,63.29,29000
hadamard,512,16,2,2777.01,296.66,5.29,73730,32259,128,40.8,346.49,86.19,5.19,8707,2562,128,2240.85,233.06,359.84,1767.92,63.29,29000
hadamard,512,16,4,2777.01,299.49,5.37,73730,32259,128,40.8,524.80,146.67,5.20,16898,4610,128,2240.85,243.50,846.75,1767.92,63.29,29000
hadamard,512,16,8,2777.01,309.33,5.44,73730,32259,128,43.4,889.11,253.83,5.23,31234,8706,128,2240.85,248.82,1837.01,1767.92,63.29,29000
hadamard,512,16,16,2777.01,309.78,5.38,73730,32259,128,43.4,1629.11,482.15,5.16,59906,16898,128,2240.85,247.12,3836.74,1767.92,63.29,29000
hadamard,512,64,1,9511.85,876.71,5.29,294914,130563,128,288.1,202.25,76.98,5.21,5634,1538,128,2240.85,126.78,126.78,1767.92,63.29,29000
hadamard,512,64,2,9511.85,878.15,5.28,294914,130563,128,288.1,346.49,86.19,5.19,8707,2562,128,2240.85,233.06,359.84,1767.92,63.29,29000
hadamard,512,64,4,9511.85,883.78,5.29,294914,130563,128,288.1,524.80,146.67,5.20,16898,4610,128,2240.85,243.50,846.75,1767.92,63.29,29000
hadamard,512,64,8,9511.85,888.97,5.28,294914,130563,128,288.1,889.11,253.83,5.23,31234,8706,128,2240.85,248.82,1837.01,1767.92,63.29,29000
hadamard,512,64,16,9511.85,899.75,5.29,294914,130563,128,288.1,1629.11,482.15,5.16,59906,16898,128,2240.85,247.12,3836.74,1767.92,63.29,29000
hadamard,512,64,32,9511.85,918.60,5.29,294914,130563,128,288.1,2830.24,995.31,5.17,117250,33282,128,2240.85,247.53,7792.56,1767.92,63.29,29000
hadamard,512,64,64,9511.85,903.30,5.29,294914,130563,128,288.1,5306.31,2061.39,5.18,231938,66050,128,2240.85,247.98,15713.13,1767.92,63.29,29000
mimc,270,16,1,788.68,192.03,4.09,21156,8405,128,19.2,56.46,72.19,3.98,1104,274,128,1356.34,24.48,24.48,1073.85,37.34,11520
mimc,270,16,2,788.68,193.02,4.10,21156,8405,128,19.2,90.17,126.86,4.07,2173,545,128,1356.34,42.13,66.61,1073.85,37.34,11520
mimc,270,16,4,788.68,191.10,4.08,21156,8405,128,19.3,163.82,208.44,4.17,4343,1087,128,1356.34,56.65,177.09,1073.85,37.34,11520
mimc,270,16,8,788.68,191.72,4.07,21156,8405,128,19.3,298.21,339.76,3.99,8683,2171,128,1356.34,54.72,396.07,1073.85,37.34,11520
mimc,270,16,16,788.68,191.38,4.15,21156,8405,128,19.3,476.09,619.47,4.00,17363,4339,128,1356.34,54.52,836.64,1073.85,37.34,11520
mimc,270,64,1,2812.37,519.53,4.08,86244,34421,128,96.2,56.46,72.19,3.98,1104,274,128,1356.34,24.48,24.48,1073.85,37.34,11520
mimc,270,64,2,2812.37,516.58,4.13,86244,34421,128,96.3,90.17,126.86,4.07,2173,545,128,1356.34,42.13,66.61,1073.85,37.34,11520
mimc,270,64,4,2812.37,522.41,4.14,86244,34421,128,96.3,163.82,208.44,4.17,4343,1087,128,1356.34,56.65,177.09,1073.85,37.34,11520
mimc,270,64,8,2812.37,518.01,4.19,86244,34421,128,96.3,298.21,339.76,3.99,8683,2171,128,1356.34,54.72,396.07,1073.85,37.34,11520
mimc,270,64,16,2812.37,518.42,4.21,86244,34421,128,96.3,476.09,619.47,4.00,17363,4339,128,1356.34,54.52,836.64,1073.85,37.34,11520
mimc,270,64,32,2812.37,519.28,4.13,86244,34421,128,96.3,876.97,1077.40,3.97,34723,8675,128,1356.34,60.28,1774.57,1073.85,37.34,11520
mimc,270,64,64,2812.37,521.39,4.08,86244,34421,128,96.4,1655.93,1905.90,4.08,69443,17347,128,1356.34,54.83,3607.28,1073.85,37.34,11520
mimc,1080,16,1,2844.40,623.62,4.11,84432,33515,128,48.4,162.68,204.93,3.98,4334,1084,128,1335.54,24.93,24.93,1103.68,35.91,11520
mimc,1080,16,2,2844.40,620.80,4.08,84432,33515,128,50.0,284.61,343.72,4.20,8665,2165,128,1335.54,43.11,68.04,1103.68,35.91,11520
mimc,1080,16,4,2844.40,627.67,4.10,84432,33515,128,50.0,505.55,620.27,3.97,17327,4327,128,1335.54,57.76,183.57,1103.68,35.91,11520
mimc,1080,16,8,2844.40,626.03,4.07,84432,33515,128,50.0,900.68,1099.72,3.99,34651,8651,128,1335.54,59.48,416.59,1103.68,35.91,11520
mimc,1080,16,16,2844.40,617.99,4.21,84432,33515,128,50.0,1714.19,1899.70,4.01,69299,17299,128,1335.54,57.06,877.53,1103.68,35.91,11520
mimc,1080,64,1,10323.61,1854.28,4.08,344208,137291,128,367.9,162.68,204.93,3.98,4334,1084,128,1335.54,24.93,24.93,1103.68,35.91,11520
mimc,1080,64,2,10323.61,1862.68,4.09,344208,137291,128,370.0,284.61,343.72,4.20,8665,2165,128,1335.54,43.11,68.04,1103.68,35.91,11520
mimc,1080,64,4,10323.61,1883.85,4.17,344208,137291,128,370.2,505.55,620.27,3.97,17327,4327,128,1335.54,57.76,183.57,1103.68,35.91,11520
mimc,1080,64,8,10323.61,1875.94,4.25,344208,137291,128,370.2,900.68,1099.72,3.99,34651,8651,128,1335.54,59.48,416.59,1103.68,35.91,11520
mimc,1080,64,16,10323.61,1869.45,4.12,344208,137291,128,370.2,1714.19,1899.70,4.01,69299,17299,128,1335.54,57.06,877.53,1103.68,35.91,11520
mimc,1080,64,32,10323.61,1889.91,4.23,344208,137291,128,370.2,2976.76,3526.54,3.96,138595,34595,128,1335.54,78.74,1883.75,1103.68,35.91,11520
mimc,1080,64,64,10323.61,1894.01,4.14,344208,137291,128,372.4,5683.20,6538.74,4.00,277187,69187,128,1335.54,56.97,3763.96,1103.68,35.91,11520
mimc,4320,16,1,9677.25,2212.51,4.15,337536,133955,128,181.7,474.24,615.90,3.99,17318,4324,128,1358.14,31.26,31.26,1118.81,37.34,11520
mimc,4320,16,2,9677.25,2190.18,4.12,337536,133955,128,181.7,866.07,1078.61,3.97,34633,8645,128,1358.14,52.18,83.44,1118.81,37.34,11520
mimc,4320,16,4,9677.25,2195.06,4.26,337536,133955,128,181.7,1655.66,1902.66,3.96,69263,17287,128,1358.14,66.05,213.41,1118.81,37.34,11520
mimc,4320,16,8,9677.25,2194.59,4.19,337536,133955,128,181.7,3044.05,3542.13,3.97,138523,34571,128,1358.14,67.46,487.61,1118.81,37.34,11520
mimc,4320,16,16,9677.25,2194.20,4.08,337536,133955,128,181.7,5774.11,6553.43,3.98,277043,69139,128,1358.14,66.26,1026.92,1118.81,37.34,11520
mimc,4320,64,1,34263.15,6750.01,4.08,1376064,548771,128,1337.0,474.24,615.90,3.99,17318,4324,128,1358.14,31.26,31.26,1118.81,37.34,11520
mimc,4320,64,2,34263.15,6750.08,4.09,1376064,548771,128,1345.5,866.07,1078.61,3.97,34633,8645,128,1358.14,52.18,83.44,1118.81,37.34,11520
mimc,4320,64,4,34263.15,6760.23,4.09,1376064,548771,128,1345.5,1655.66,1902.66,3.96,69263,17287,128,1358.14,66.05,213.41,1118.81,37.34,11520
mimc,4320,64,8,34263.15,6751.09,4.18,1376064,548771,128,1345.5,3044.05,3542.13,3.97,138523,34571,128,1358.14,67.46,487.61,1118.81,37.34,11520
mimc,4320,64,16,34263.15,6796.04,4.23,1376064,548771,128,1345.5,5774.11,6553.43,3.98,277043,69139,128,1358.14,66.26,1026.92,1118.81,37.34,11520
mimc,4320,64,32,34263.15,6893.51,4.10,1376064,548771,128,1345.5,10560.74,12226.68,3.99,554083,138275,128,1358.14,69.04,2140.30,1118.81,37.34,11520
mimc,4320,64,64,34263.15,6818.97,4.09,1376064,548771,128,1345.5,20028.23,22887.57,4.12,1108163,276547,128,1358.14,68.00,4408.96,1118.81,37.34,11520
scalable,1024,16,1,4580.43,690.70,4.08,79940,31779,128,59.2,238.93,295.37,3.98,4106,1028,128,1339.38,36.01,36.01,1141.00,37.33,11520
scalable,1024,16,2,4580.43,698.19,4.09,79940,31779,128,59.2,431.46,515.74,3.98,8205,2053,128,1339.38,43.15,79.16,1141.00,37.33,11520
scalable,1024,16,4,4580.43,698.50,4.07,79940,31779,128,59.2,767.65,885.56,3.98,16403,4103,128,1339.38,66.98,199.84,1141.00,37.33,11520
scalable,1024,16,8,4580.43,697.88,4.07,79940,31779,128,59.2,1398.60,1622.16,3.98,32799,8203,128,1339.38,56.39,427.69,1141.00,37.33,11520
scalable,1024,16,16,4580.43,698.73,4.09,79940,31779,128,59.2,2603.31,2921.56,3.99,65591,16403,128,1339.38,57.71,902.91,1141.00,37.33,11520
scalable,1024,64,1,16054.30,1884.55,4.18,325892,130179,128,401.3,238.93,295.37,3.98,4106,1028,128,1339.38,36.01,36.01,1141.00,37.33,11520
scalable,1024,64,2,16054.30,1899.61,4.06,325892,130179,128,401.4,431.46,515.74,3.98,8205,2053,128,1339.38,43.15,79.16,1141.00,37.33,11520
scalable,1024,64,4,16054.30,1894.73,4.09,325892,130179,128,401.4,767.65,885.56,3.98,16403,4103,128,1339.38,66.98,199.84,1141.00,37.33,11520
scalable,1024,64,8,16054.30,1897.11,4.08,325892,130179,128,401.4,1398.60,1622.16,3.98,32799,8203,128,1339.38,56.39,427.69,1141.00,37.33,11520
scalable,1024,64,16,16054.30,1900.89,4.08,325892,130179,128,401.4,2603.31,2921.56,3.99,65591,16403,128,1339.38,57.71,902.91,1141.00,37.33,11520
scalable,1024,64,32,16054.30,1899.70,4.10,325892,130179,128,402.4,4803.68,5359.49,3.97,131175,32803,128,1339.38,56.67,1826.53,1141.00,37.33,11520
scalable,1024,64,64,16054.30,1907.07,4.07,325892,130179,128,404.4,8983.35,10000.02,3.99,262343,65603,128,1339.38,56.25,3718.52,1141.00,37.33,11520
scalable,8192,16,1,29779.83,4470.85,4.08,639044,253987,128,435.9,1451.28,1604.68,3.96,32778,8196,128,1717.86,35.60,35.60,1141.90,36.00,11896
scalable,8192,16,2,29779.83,4501.27,4.07,639044,253987,128,435.9,2623.92,2925.45,3.99,65549,16389,128,1717.86,62.04,97.64,1141.90,36.00,11896
scalable,8192,16,4,29779.83,4498.35,4.08,639044,253987,128,435.9,4987.56,5383.21,3.98,131091,32775,128,1717.86,75.59,247.57,1141.90,36.00,11896
scalable,8192,16,8,29779.83,4508.15,4.07,639044,253987,128,435.9,9106.02,9959.71,3.97,262175,65547,128,1717.86,76.38,558.92,1141.90,36.00,11896
scalable,8192,16,16,29779.83,4510.46,4.09,639044,253987,128,435.9,17175.49,18717.95,3.98,524343,131091,128,1717.86,93.39,1219.21,1141.90,36.00,11896
scalable,8192,64,1,107008.74,13150.77,4.08,2605316,1040515,128,2708.1,1451.28,1604.68,3.96,32778,8196,128,1717.86,35.60,35.60,1141.90,36.00,11896
scalable,8192,64,2,107008.74,13176.94,4.08,2605316,1040515,128,2708.1,2623.92,2925.45,3.99,65549,16389,128,1717.86,62.04,97.64,1141.90,36.00,11896
scalable,8192,64,4,107008.74,13196.70,4.45,2605316,1040515,128,2708.2,4987.56,5383.21,3.98,131091,32775,128,1717.86,75.59,247.57,1141.90,36.00,11896
scalable,8192,64,8,107008.74,13302.01,4.08,2605316,1040515,128,2708.2,9106.02,9959.71,3.97,262175,65547,128,1717.86,76.38,558.92,1141.90,36.00,11896
scalable,8192,64,16,107008.74,13281.45,4.08,2605316,1040515,128,2708.2,17175.49,18717.95,3.98,524343,131091,128,1717.86,93.39,1219.21,1141.90,36.00,11896
scalable,8192,64,32,107008.74,13291.52,4.07,2605316,1040515,128,2708.2,31854.17,35138.54,3.98,1048679,262179,128,1717.86,76.94,2441.02,1141.90,36.00,11896
scalable,8192,64,64,107008.74,13287.45,4.08,2605316,1040515,128,2724.2,60488.74,65682.89,3.96,2097351,524355,128,1717.86,75.80,4964.71,1141.90,36.00,11896
scalable,65536,16,1,200750.51,31806.14,4.08,5111876,2031651,128,3001.4,8998.83,9936.01,3.97,262154,65540,128,1447.33,107.14,107.14,1671.27,38.84,12648
scalable,65536,16,2,200750.51,31794.16,4.09,5111876,2031651,128,3001.4,16947.87,18616.80,4.05,524301,131077,128,1447.33,203.16,310.30,1671.27,38.84,12648
scalable,65536,16,4,200750.51,31805.13,4.07,5111876,2031651,128,3001.4,31840.22,35039.96,3.97,1048595,262151,128,1447.33,215.88,742.08,1671.27,38.84,12648
scalable,65536,16,8,200750.51,31865.07,4.08,5111876,2031651,128,3001.4,60475.56,65709.67,3.96,2097183,524299,128,1447.33,218.38,1623.87,1671.27,38.84,12648
scalable,65536,16,16,200750.51,31894.22,4.07,5111876,2031651,128,3001.4,115056.05,125485.25,4.13,4194359,1048595,128,1447.33,218.56,3368.16,1671.27,38.84,12648
scalable,65536,64,1,765903.36,103595.79,4.09,20840708,8323203,128,21575.2,8998.83,9936.01,3.97,262154,65540,128,1447.33,107.14,107.14,1671.27,38.84,12648
scalable,65536,64,2,765903.36,104962.32,4.22,20840708,8323203,128,21579.7,16947.87,18616.80,4.05,524301,131077,128,1447.33,203.16,310.30,1671.27,38.84,12648
scalable,65536,64,4,765903.36,103380.89,4.08,20840708,8323203,128,21582.7,31840.22,35039.96,3.97,1048595,262151,128,1447.33,215.88,742.08,1671.27,38.84,12648
scalable,65536,64,8,765903.36,103124.35,4.08,20840708,8323203,128,21600.7,60475.56,65709.67,3.96,2097183,524299,128,1447.33,218.38,1623.87,1671.27,38.84,12648
scalable,65536,64,16,765903.36,103480.58,4.09,20840708,8323203,128,21600.7,115056.05,125485.25,4.13,4194359,1048595,128,1447.33,218.56,3368.16,1671.27,38.84,12648
scalable,65536,64,32,765903.36,103057.71,4.09,20840708,8323203,128,21600.7,221177.77,244042.82,3.98,8388711,2097187,128,1447.33,217.95,6945.29,1671.27,38.84,12648
scalable,65536,64,64,765903.36,103666.08,4.07,20840708,8323203,128,21728.7,421377.56,471586.59,3.98,16777415,4194371,128,1447.33,217.22,13901.41,1671.27,38.84,12648
